Склад,Количество Начальный остаток,Стоимость Начальный остаток,Количество приход,Стоимость приход,Количество расход,Стоимость расход,Себест,Цена продажи,Сумма продажи,Количество Конечный остаток,Стоимость Конечный остаток,Profit,profitPR,date
"Мясное изделие колбасное варено-копченое категории Б. Колбаса Салями ""Финская"", нарезка, в/у, 0,15/8/Иней",2571.0,138578.28,2026.0,109201.4,3242.0,173774.98,52.39,67.72,218963.45,1337.0,72064.3,45188.47,26.0,2021-01-01
"Мясное изделие колбасное варено-копченое категории Б. Колбаса Сервелат ""Иней"", нарезка, в/у, 0,15/8/Иней",880.0,47432.0,2507.0,135125.98,3379.0,181967.72,53.16,66.23,208088.33,2.0,106.48,26120.61,14.35,2021-01-01
"Мясное изделие колбасное полукопченое категории Б. Колбаса ""Краковская"", 0,3/7/Иней",1440.0,156984.95,1806.0,194885.46,2192.0,238133.27,106.86,128.18,281165.42,1054.0,113737.14,43032.15,18.07,2021-01-01
"Мясное изделие колбасное полукопченое категории Б. Колбаса ""Чардаш"", 0,3/6Иней",4233.0,409173.99,917.0,88494.69,5105.0,491626.78,94.57,112.42,553686.87,34.0,3305.74,62060.09,12.62,2021-01-01
"Мясное изделие колбасное сырокопченое. Колбаса полусухая ""Домашняя из свинины"", мод/атм 0,3/7/Иней",718.0,132799.65,213.0,32581.76,582.0,101535.84,164.68,189.59,109776.7,343.0,60844.09,8240.86,8.12,2021-01-01
"Мясное изделие колбасное сырокопченое. Колбаса полусухая ""Сальчичон""/Колбаса полусухая ""Тоскана"", нарезка, мод/атм, 0,1 (2*0,05) 14/Иней",2003.0,119221.63,606.0,36155.46,2283.0,135553.99,58.18,76.16,173718.29,322.0,19162.22,38164.3,28.15,2021-01-01
"Мясное изделие колбасное сырокопченое. Колбаса полусухая ""Северная Салями"",нарезка,  в/у, 0,1/8/Иней",2506.0,143869.66,3023.0,173579.89,4215.0,240680.55,56.28,69.86,293763.96,1313.0,75392.46,53083.41,22.06,2021-01-01
"Мясное изделие колбасное сырокопченое. Колбаса полусухая ""Чоризо""/Колбаса полусухая ""Милано"", нарезка, мод/атм, 0,1 (2*0,05) 14/Иней",2002.0,110990.88,608.0,33707.52,1612.0,89036.64,53.45,73.89,116615.01,992.0,54996.48,27578.37,30.97,2021-01-01
"Мясной продукт из свинины сырокопченый категории А. ""Балык"", нарезка, в/у,0,1/10/Иней",2499.0,161935.2,2100.0,136080.0,3483.0,225698.4,64.02,81.64,284535.8,1116.0,72316.8,58837.4,26.07,2021-01-01
"Мясной продукт из свинины сырокопченый категории Б. ""Бекон"", нарезка, в/у,0,1/10/Иней",3600.0,202356.0,1012.0,56876.05,3144.0,176049.72,55.21,75.32,225076.4,1467.0,82460.07,49026.68,27.85,2021-01-01
"Мясной продукт из свинины сырокопченый категории Б. ""Шейка"", нарезка, в/у,0,1/10/Иней",369.0,23404.92,2510.0,159033.6,2840.0,179333.88,61.69,78.01,225410.92,34.0,2154.24,46077.04,25.69,2021-01-01
"Мясной продукт из свинины сырокопченый категории Б. Бекон ""Деревенский"", нарезка, в/у,0,1/10/Иней",4503.0,249646.32,5013.0,277920.72,7343.0,406375.2,54.28,67.95,506648.34,2170.0,120304.8,100273.14,24.68,2021-01-01
"Мясное изделие колбасное варено-копченое категории Б. Колбаса Салями ""Финская"", нарезка, в/у, 0,15/8/Иней",1489.0,80257.1,3408.0,183691.2,3247.0,174582.1,52.48,67.87,222271.21,1642.0,88503.8,47689.11,27.32,2021-02-01
"Мясное изделие колбасное варено-копченое категории Б. Колбаса Сервелат ""Иней"", нарезка, в/у, 0,15/8/Иней",28.0,1896.16,3512.0,189941.72,3505.0,188875.26,52.84,68.04,241331.15,27.0,1455.3,52455.89,27.77,2021-02-01
"Мясное изделие колбасное полукопченое категории Б. Колбаса ""Краковская"", 0,3/7/Иней",1161.0,125283.51,1904.0,205460.64,2090.0,225531.9,106.21,129.35,271922.56,975.0,105212.25,46390.66,20.57,2021-02-01
"Мясное изделие колбасное полукопченое категории Б. Колбаса ""Чардаш"", 0,3/6Иней",126.0,12180.98,7004.0,675918.34,6497.0,624134.49,94.34,116.34,774961.93,605.0,58364.35,150827.44,24.17,2021-02-01
"Мясное изделие колбасное сырокопченое. Колбаса полусухая ""Домашняя из свинины"", мод/атм 0,3/7/Иней",376.0,67969.05,813.0,122895.24,1146.0,183137.73,155.78,176.2,206975.92,41.0,6196.74,23838.19,13.02,2021-02-01
"Мясное изделие колбасное сырокопченое. Колбаса полусухая ""Сальчичон""/Колбаса полусухая ""Тоскана"", нарезка, мод/атм, 0,1 (2*0,05) 14/Иней",380.0,22613.8,2819.0,167874.19,2607.0,151694.51,57.69,74.7,191698.47,587.0,34932.37,40003.96,26.37,2021-02-01
"Мясное изделие колбасное сырокопченое. Колбаса полусухая ""Северная Салями"",нарезка,  в/у, 0,1/8/Иней",1433.0,82282.86,5206.0,298914.49,3614.0,207185.33,56.23,71.81,255417.4,3022.0,173523.24,48232.07,23.28,2021-02-01
"Мясное изделие колбасное сырокопченое. Колбаса полусухая ""Чоризо""/Колбаса полусухая ""Милано"", нарезка, мод/атм, 0,1 (2*0,05) 14/Иней",1108.0,61427.52,4007.0,222148.08,2841.0,157338.72,54.18,69.07,198424.22,2266.0,125627.04,41085.5,26.11,2021-02-01
"Мясной продукт из свинины сырокопченый категории А. ""Балык"", нарезка, в/у,0,1/10/Иней",1254.0,81259.2,4507.0,292220.84,3116.0,201439.31,63.2,78.76,248401.54,2643.0,171266.4,46962.23,23.31,2021-02-01
"Мясной продукт из свинины сырокопченый категории Б. ""Бекон"", нарезка, в/у,0,1/10/Иней",1667.0,93702.07,6702.0,376717.88,4830.0,271327.21,55.07,68.65,331888.2,3536.0,198758.56,60560.99,22.32,2021-02-01
"Мясной продукт из свинины сырокопченый категории Б. ""Шейка"", нарезка, в/у,0,1/10/Иней",68.0,4308.48,3822.0,242045.88,3226.0,203121.48,60.94,75.91,249636.76,636.0,40296.96,46515.28,22.9,2021-02-01
"Мясной продукт из свинины сырокопченый категории Б. Бекон ""Деревенский"", нарезка, в/у,0,1/10/Иней",2500.0,138600.0,12006.0,665612.64,11894.0,659015.28,54.5,68.51,822137.16,2609.0,144642.96,163121.88,24.75,2021-02-01
"Мясное изделие колбасное варено-копченое категории Б. Колбаса Салями ""Финская"", нарезка, в/у, 0,15/8/Иней",1824.0,98313.6,3854.0,207730.6,4753.0,255755.5,52.69,68.42,325997.25,917.0,49426.3,70241.75,27.46,2021-03-01
"Мясное изделие колбасное варено-копченое категории Б. Колбаса Сервелат ""Иней"", нарезка, в/у, 0,15/8/Иней",41.0,2209.9,3554.0,191561.89,3534.0,189780.7,52.4,67.56,243085.65,56.0,3019.6,53304.95,28.09,2021-03-01
"Мясное изделие колбасное полукопченое категории Б. Колбаса ""Краковская"", 0,3/7/Иней",1077.0,116219.07,2108.0,227474.28,2746.0,296212.95,105.81,123.15,340648.94,421.0,45430.11,44435.99,15.0,2021-03-01
"Мясное изделие колбасное полукопченое категории Б. Колбаса ""Чардаш"", 0,3/6Иней",703.0,67818.41,5272.0,508589.84,4775.0,460258.37,94.52,121.76,590948.17,1189.0,114702.83,130689.8,28.39,2021-03-01
"Мясное изделие колбасное сырокопченое. Колбаса полусухая ""Домашняя из свинины"", мод/атм 0,3/7/Иней",41.0,6196.74,1605.0,242579.7,1023.0,154313.94,145.06,176.63,185552.78,615.0,92951.1,31238.84,20.24,2021-03-01
"Мясное изделие колбасное сырокопченое. Колбаса полусухая ""Сальчичон""/Колбаса полусухая ""Тоскана"", нарезка, мод/атм, 0,1 (2*0,05) 14/Иней",608.0,36182.08,2445.0,146646.47,2062.0,121178.89,56.59,73.01,153443.71,974.0,58945.56,32264.82,26.63,2021-03-01
"Мясное изделие колбасное сырокопченое. Колбаса полусухая ""Северная Салями"",нарезка,  в/у, 0,1/8/Иней",3073.0,176451.66,2724.0,157585.17,4347.0,248498.31,56.7,70.83,304994.62,1448.0,84259.5,56496.31,22.74,2021-03-01
"Мясное изделие колбасное сырокопченое. Колбаса полусухая ""Чоризо""/Колбаса полусухая ""Милано"", нарезка, мод/атм, 0,1 (2*0,05) 14/Иней",2435.0,134996.4,3045.0,168814.8,2851.0,157671.36,53.5,69.68,200077.48,2622.0,145363.68,42406.12,26.9,2021-03-01
"Мясной продукт из свинины сырокопченый категории А. ""Балык"", нарезка, в/у,0,1/10/Иней",2774.0,179755.2,2500.0,166200.0,2783.0,180353.52,64.18,82.08,225018.64,2491.0,165601.68,44665.12,24.77,2021-03-01
"Мясной продукт из свинины сырокопченый категории Б. ""Бекон"", нарезка, в/у,0,1/10/Иней",3710.0,208539.1,4002.0,229572.42,4473.0,251314.91,55.43,73.59,319417.49,3237.0,186571.77,68102.58,27.1,2021-03-01
"Мясной продукт из свинины сырокопченый категории Б. ""Шейка"", нарезка, в/у,0,1/10/Иней",677.0,42894.72,2816.0,178421.8,3226.0,203385.56,61.39,77.45,251887.0,244.0,15459.88,48501.44,23.85,2021-03-01
"Мясной продукт из свинины сырокопченый категории Б. Бекон ""Деревенский"", нарезка, в/у,0,1/10/Иней",3039.0,168482.16,12302.0,682022.88,10745.0,595591.92,54.67,68.87,743568.12,4593.0,254635.92,147976.2,24.85,2021-03-01
"Мясное изделие колбасное варено-копченое категории Б. Колбаса Салями ""Финская"", нарезка, в/у, 0,15/8/Иней",1359.0,73250.1,3911.0,210802.9,4380.0,235704.7,52.8,68.58,300426.24,885.0,47701.5,64721.54,27.46,2021-04-01
"Мясное изделие колбасное варено-копченое категории Б. Колбаса Сервелат ""Иней"", нарезка, в/у, 0,15/8/Иней",61.0,3287.9,3723.0,201774.42,3545.0,190754.85,52.92,71.36,250042.04,229.0,13174.37,59287.19,31.08,2021-04-01
"Мясное изделие колбасное полукопченое категории Б. Колбаса ""Краковская"", 0,3/7/Иней",735.0,79313.85,408.0,53945.93,1000.0,116314.57,116.16,137.74,137412.97,143.0,16689.53,21098.4,18.14,2021-04-01
"Мясное изделие колбасное полукопченое категории Б. Колбаса ""Чардаш"", 0,3/6Иней",1362.0,131392.14,5424.0,556519.28,5749.0,577508.03,97.38,122.82,718649.28,1016.0,106060.24,141141.25,24.44,2021-04-01
"Мясное изделие колбасное сырокопченое. Колбаса полусухая ""Домашняя из свинины"", мод/атм 0,3/7/Иней",617.0,93253.38,205.0,30985.72,510.0,76777.1,144.35,193.84,96667.19,312.0,47157.7,19890.09,25.91,2021-04-01
"Мясное изделие колбасное сырокопченое. Колбаса полусухая ""Сальчичон""/Колбаса полусухая ""Тоскана"", нарезка, мод/атм, 0,1 (2*0,05) 14/Иней",988.0,59778.7,1612.0,99826.32,1763.0,107653.01,59.05,76.52,134321.7,835.0,51711.55,26668.69,24.77,2021-04-01
"Мясное изделие колбасное сырокопченое. Колбаса полусухая ""Северная Салями"",нарезка,  в/у, 0,1/8/Иней",1494.0,86935.86,2619.0,152399.99,2077.0,119755.02,56.85,81.91,158094.22,2035.0,118416.65,38339.2,32.01,2021-04-01
"Мясное изделие колбасное сырокопченое. Колбаса полусухая ""Чоризо""/Колбаса полусухая ""Милано"", нарезка, мод/атм, 0,1 (2*0,05) 14/Иней",2714.0,150464.16,707.0,39196.08,3003.0,166098.24,54.41,71.21,210910.52,411.0,22785.84,44812.28,26.98,2021-04-01
"Мясной продукт из свинины сырокопченый категории А. ""Балык"", нарезка, в/у,0,1/10/Иней",2511.0,166912.8,1000.0,66480.0,3499.0,232528.56,65.7,79.35,276556.48,10.0,664.8,44027.92,18.93,2021-04-01
"Мясной продукт из свинины сырокопченый категории Б. ""Бекон"", нарезка, в/у,0,1/10/Иней",3289.0,189494.69,2851.0,165413.71,5916.0,341572.77,57.05,70.78,412516.88,223.0,13221.67,70944.11,20.77,2021-04-01
"Мясной продукт из свинины сырокопченый категории Б. ""Шейка"", нарезка, в/у,0,1/10/Иней",254.0,16093.48,3151.0,208571.76,2975.0,196561.38,65.28,80.47,234626.3,429.0,27953.64,38064.92,19.37,2021-04-01
"Мясной продукт из свинины сырокопченый категории Б. Бекон ""Деревенский"", нарезка, в/у,0,1/10/Иней",4867.0,269826.48,10554.0,585113.77,11967.0,663228.72,54.57,68.77,828564.89,3451.0,191323.44,165336.17,24.93,2021-04-01
"Мясное изделие колбасное варено-копченое категории Б. Колбаса Салями ""Финская"", нарезка, в/у, 0,15/8/Иней",885.0,47701.5,3953.0,234324.86,3857.0,223426.28,56.25,70.07,274947.97,972.0,57629.88,51521.69,23.06,2021-05-01
"Мясное изделие колбасное варено-копченое категории Б. Колбаса Сервелат ""Иней"", нарезка, в/у, 0,15/8/Иней",229.0,13174.37,5712.0,327554.8,3740.0,214190.35,55.79,71.59,272832.74,2193.0,125198.37,58642.39,27.38,2021-05-01
"Мясное изделие колбасное полукопченое категории Б. Колбаса ""Краковская"", 0,3/7/Иней",143.0,16689.53,2268.0,269937.82,2252.0,262830.92,114.38,134.57,308028.09,157.0,23563.01,45197.17,17.2,2021-05-01
"Мясное изделие колбасное полукопченое категории Б. Колбаса ""Чардаш"", 0,3/6Иней",1016.0,106060.24,9435.0,984889.97,5937.0,618863.52,102.35,123.15,744181.95,4507.0,470485.73,125318.43,20.25,2021-05-01
"Мясное изделие колбасное сырокопченое. Колбаса полусухая ""Домашняя из свинины"", мод/атм 0,3/7/Иней",312.0,47157.7,717.0,131604.33,828.0,134225.69,154.11,190.31,163627.6,198.0,43605.74,29401.91,21.9,2021-05-01
"Мясное изделие колбасное сырокопченое. Колбаса полусухая ""Сальчичон""/Колбаса полусухая ""Тоскана"", нарезка, мод/атм, 0,1 (2*0,05) 14/Иней",835.0,51711.55,2057.0,129157.27,2140.0,132904.97,60.18,76.21,160999.88,739.0,46416.59,28094.91,21.14,2021-05-01
"Мясное изделие колбасное сырокопченое. Колбаса полусухая ""Северная Салями"",нарезка,  в/у, 0,1/8/Иней",2035.0,118416.65,2586.0,162345.66,4312.0,256060.31,58.34,71.48,309346.03,307.0,24472.32,53285.72,20.81,2021-05-01
"Мясное изделие колбасное сырокопченое. Колбаса полусухая ""Чоризо""/Колбаса полусухая ""Милано"", нарезка, мод/атм, 0,1 (2*0,05) 14/Иней",411.0,22785.84,3051.0,187892.32,811.0,49574.36,57.9,73.39,62019.95,2638.0,159599.0,12445.59,25.1,2021-05-01
"Мясной продукт из свинины сырокопченый категории А. ""Балык"", нарезка, в/у,0,1/10/Иней",10.0,664.8,1050.0,69804.0,951.0,63222.48,63.95,89.99,82057.46,108.0,7179.84,18834.98,29.79,2021-05-01
"Мясной продукт из свинины сырокопченый категории Б. ""Бекон"", нарезка, в/у,0,1/10/Иней",223.0,13221.67,8269.0,494365.19,3999.0,235983.44,58.0,73.87,292368.18,4487.0,270142.73,56384.74,23.89,2021-05-01
"Мясной продукт из свинины сырокопченый категории Б. ""Шейка"", нарезка, в/у,0,1/10/Иней",429.0,27953.64,4708.0,322216.92,4014.0,271887.36,66.05,80.31,321368.66,1118.0,77007.84,49481.3,18.2,2021-05-01
"Мясной продукт из свинины сырокопченый категории Б. Бекон ""Деревенский"", нарезка, в/у,0,1/10/Иней",3451.0,191323.44,12359.0,685182.96,10033.0,555730.56,54.16,68.9,696646.1,5767.0,319722.48,140915.54,25.36,2021-05-01
"Мясное изделие колбасное варено-копченое категории Б. Колбаса Салями ""Финская"", нарезка, в/у, 0,15/8/Иней",938.0,55614.02,3948.0,226047.36,4626.0,266615.14,56.69,73.31,338503.78,256.0,14615.04,71888.64,26.96,2021-06-01
"Мясное изделие колбасное варено-копченое категории Б. Колбаса Сервелат ""Иней"", нарезка, в/у, 0,15/8/Иней",174.0,9933.66,4929.0,281293.98,3830.0,218132.07,55.92,73.91,281505.92,1262.0,71992.05,63373.85,29.05,2021-06-01
"Мясное изделие колбасное полукопченое категории Б. Колбаса ""Краковская"", 0,3/7/Иней",3.0,350.13,2996.0,357403.66,2436.0,291551.5,119.08,140.18,342132.61,560.0,65850.4,50581.11,17.35,2021-06-01
"Мясное изделие колбасное полукопченое категории Б. Колбаса ""Чардаш"", 0,3/6Иней",1622.0,169320.58,4893.0,512111.25,5564.0,580575.17,102.91,123.92,697802.69,915.0,96785.03,117227.52,20.19,2021-06-01
"Мясное изделие колбасное сырокопченое. Колбаса полусухая ""Домашняя из свинины"", мод/атм 0,3/7/Иней",205.0,45147.36,1003.0,170091.9,1048.0,186138.54,173.66,200.57,212925.76,158.0,26799.96,26787.22,14.39,2021-06-01
"Мясное изделие колбасное сырокопченое. Колбаса полусухая ""Сальчичон""/Колбаса полусухая ""Тоскана"", нарезка, мод/атм, 0,1 (2*0,05) 14/Иней",922.0,57910.82,1924.0,119146.06,2008.0,124802.48,59.75,77.58,156856.9,832.0,51525.76,32054.42,25.68,2021-06-01
"Мясное изделие колбасное сырокопченое. Колбаса полусухая ""Северная Салями"",нарезка,  в/у, 0,1/8/Иней",3.0,181.5,4745.0,301270.27,4727.0,300085.35,63.19,76.83,359701.18,19.0,1185.03,59615.83,19.87,2021-06-01
"Мясное изделие колбасное сырокопченое. Колбаса полусухая ""Чоризо""/Колбаса полусухая ""Милано"", нарезка, мод/атм, 0,1 (2*0,05) 14/Иней",1889.0,114284.5,4667.0,282328.2,4168.0,251886.8,59.12,75.29,316196.16,2383.0,144171.5,64309.36,25.53,2021-06-01
"Мясной продукт из свинины сырокопченый категории А. ""Балык"", нарезка, в/у,0,1/10/Иней",118.0,7844.64,1202.0,82353.6,1023.0,69725.64,63.85,90.14,91521.97,295.0,20213.4,21796.33,31.26,2021-06-01
"Мясной продукт из свинины сырокопченый категории Б. ""Бекон"", нарезка, в/у,0,1/10/Иней",1497.0,89846.13,7702.0,464300.65,6081.0,366054.15,59.17,74.15,445581.13,3115.0,187801.35,79526.98,21.73,2021-06-01
"Мясной продукт из свинины сырокопченый категории Б. ""Шейка"", нарезка, в/у,0,1/10/Иней",1311.0,90301.68,3005.0,201634.44,2021.0,137601.35,65.65,82.69,166592.5,2289.0,153601.09,28991.15,21.07,2021-06-01
"Мясной продукт из свинины сырокопченый категории Б. Бекон ""Деревенский"", нарезка, в/у,0,1/10/Иней",4078.0,226084.32,12253.0,715659.14,11363.0,648452.38,56.14,69.28,789368.3,4965.0,292954.86,140915.92,21.73,2021-06-01
"Мясное изделие колбасное варено-копченое категории Б. Колбаса Салями ""Финская"", нарезка, в/у, 0,15/8/Иней",564.0,32198.76,4131.0,236077.71,4471.0,254611.38,56.15,72.01,323165.84,212.0,12303.62,68554.46,26.93,2021-07-01
"Мясное изделие колбасное варено-копченое категории Б. Колбаса Сервелат ""Иней"", нарезка, в/у, 0,15/8/Иней",80.0,4563.69,5464.0,313936.74,4028.0,230436.59,56.17,72.21,292499.13,1514.0,87949.75,62062.54,26.93,2021-07-01
"Мясное изделие колбасное полукопченое категории Б. Колбаса ""Краковская"", 0,3/7/Иней",663.0,77962.17,1807.0,212435.71,1160.0,136285.52,113.33,136.55,156993.25,1307.0,153661.36,20707.73,15.19,2021-07-01
"Мясное изделие колбасное полукопченое категории Б. Колбаса ""Чардаш"", 0,3/6Иней",1.0,104.81,4095.0,433148.56,2657.0,280732.67,102.97,122.6,333298.09,1435.0,151788.58,52565.42,18.72,2021-07-01
"Мясное изделие колбасное сырокопченое. Колбаса полусухая ""Домашняя из свинины"", мод/атм 0,3/7/Иней",230.0,39012.6,1016.0,172288.05,800.0,135502.48,162.75,203.1,166205.28,445.0,75461.35,30702.8,22.66,2021-07-01
"Мясное изделие колбасное сырокопченое. Колбаса полусухая ""Сальчичон""/Колбаса полусухая ""Тоскана"", нарезка, мод/атм, 0,1 (2*0,05) 14/Иней",979.0,60629.47,2630.0,162962.56,2674.0,165409.09,59.89,77.92,205948.65,930.0,57625.57,40539.56,24.51,2021-07-01
"Мясное изделие колбасное сырокопченое. Колбаса полусухая ""Северная Салями"",нарезка,  в/у, 0,1/8/Иней",71.0,4428.27,5720.0,356504.72,4460.0,277977.09,61.46,75.99,339181.16,1330.0,82893.57,61204.07,22.02,2021-07-01
"Мясное изделие колбасное сырокопченое. Колбаса полусухая ""Чоризо""/Колбаса полусухая ""Милано"", нарезка, мод/атм, 0,1 (2*0,05) 14/Иней",351.0,21235.5,6482.0,392065.51,4466.0,270149.59,59.56,75.74,339473.39,2367.0,143151.42,69323.8,25.66,2021-07-01
"Мясной продукт из свинины сырокопченый категории А. ""Балык"", нарезка, в/у,0,1/10/Иней",142.0,9729.84,1150.0,84957.6,695.0,51058.68,68.49,94.74,68410.41,597.0,43628.76,17351.73,33.98,2021-07-01
"Мясной продукт из свинины сырокопченый категории Б. ""Бекон"", нарезка, в/у,0,1/10/Иней",1645.0,99172.15,6600.0,399426.39,4846.0,292164.4,59.45,76.63,367588.62,3398.0,206373.85,75424.22,25.82,2021-07-01
"Мясной продукт из свинины сырокопченый категории Б. ""Шейка"", нарезка, в/у,0,1/10/Иней",1272.0,85356.32,5053.0,341338.9,4135.0,277257.75,65.66,80.94,336448.42,2187.0,149002.85,59190.67,21.35,2021-07-01
"Мясной продукт из свинины сырокопченый категории Б. Бекон ""Деревенский"", нарезка, в/у,0,1/10/Иней",2089.0,123259.36,12805.0,755528.4,11901.0,701925.85,57.99,69.1,826120.94,2988.0,176303.95,124195.09,17.69,2021-07-01
"Мясное изделие колбасное варено-копченое категории Б. Колбаса Салями ""Финская"", нарезка, в/у, 0,15/8/Иней",212.0,12303.62,807.0,51182.23,660.0,41815.46,58.83,82.08,57355.77,352.0,20862.33,15540.31,37.16,2021-08-01
"Мясное изделие колбасное варено-копченое категории Б. Колбаса Сервелат ""Иней"", нарезка, в/у, 0,15/8/Иней",1514.0,87949.75,6226.0,366333.92,5836.0,341333.64,57.7,73.92,431883.38,1897.0,112431.39,90549.74,26.53,2021-08-01
"Мясное изделие колбасное полукопченое категории Б. Колбаса ""Краковская"", 0,3/7/Иней",1307.0,153661.36,996.0,118977.89,1809.0,207651.9,113.98,138.4,248787.22,304.0,36647.95,41135.32,19.81,2021-08-01
"Мясное изделие колбасное полукопченое категории Б. Колбаса ""Чардаш"", 0,3/6Иней",1435.0,151788.58,2708.0,302304.97,2816.0,304213.13,105.33,124.34,359353.69,1302.0,146330.61,55140.56,18.13,2021-08-01
"Мясное изделие колбасное сырокопченое. Колбаса полусухая ""Домашняя из свинины"", мод/атм 0,3/7/Иней",445.0,75461.35,506.0,90209.33,542.0,92515.47,160.9,217.29,118778.85,401.0,71533.19,26263.38,28.39,2021-08-01
"Мясное изделие колбасное сырокопченое. Колбаса полусухая ""Сальчичон""/Колбаса полусухая ""Тоскана"", нарезка, мод/атм, 0,1 (2*0,05) 14/Иней",930.0,57625.57,2827.0,175173.21,2588.0,159552.13,59.63,77.28,199153.28,1165.0,72186.88,39601.15,24.82,2021-08-01
"Мясное изделие колбасное сырокопченое. Колбаса полусухая ""Северная Салями"",нарезка,  в/у, 0,1/8/Иней",1330.0,82893.57,3968.0,249496.54,5041.0,314530.66,61.62,75.79,379232.42,256.0,17797.12,64701.76,20.57,2021-08-01
"Мясное изделие колбасное сырокопченое. Колбаса полусухая ""Чоризо""/Колбаса полусухая ""Милано"", нарезка, мод/атм, 0,1 (2*0,05) 14/Иней",2367.0,143151.42,3823.0,234145.3,4331.0,263387.08,59.9,77.43,336591.54,1858.0,113798.76,73204.46,27.79,2021-08-01
"Мясной продукт из свинины сырокопченый категории А. ""Балык"", нарезка, в/у,0,1/10/Иней",597.0,43628.76,708.0,53359.72,1023.0,74394.63,68.19,95.13,97677.6,271.0,21290.84,23282.97,31.3,2021-08-01
"Мясной продукт из свинины сырокопченый категории Б. ""Бекон"", нарезка, в/у,0,1/10/Иней",3398.0,206373.85,2911.0,179865.73,5836.0,355195.73,60.4,77.93,448786.13,471.0,29499.06,93590.4,26.35,2021-08-01
"Мясной продукт из свинины сырокопченый категории Б. ""Шейка"", нарезка, в/у,0,1/10/Иней",2187.0,149002.85,4201.0,299090.3,4407.0,306257.35,68.6,85.05,372957.94,1970.0,141012.6,66700.59,21.78,2021-08-01
"Мясной продукт из свинины сырокопченый категории Б. Бекон ""Деревенский"", нарезка, в/у,0,1/10/Иней",2988.0,176303.95,16241.0,958257.31,13716.0,808657.83,57.7,69.47,955541.7,5504.0,324748.3,146883.87,18.16,2021-08-01
"Мясное изделие колбасное варено-копченое категории Б. Колбаса Салями ""Финская"", нарезка, в/у, 0,15/8/Иней",1.0,61.27,4820.0,286856.98,4806.0,285208.89,58.0,74.93,361640.97,1.0,62.45,76432.08,26.8,2021-09-01
"Мясное изделие колбасное варено-копченое категории Б. Колбаса Сервелат ""Иней"", нарезка, в/у, 0,15/8/Иней",389.0,23055.23,3218.0,193405.54,3378.0,200991.3,58.35,76.9,257965.1,215.0,13539.62,56973.8,28.35,2021-09-01
"Мясное изделие колбасное полукопченое категории Б. Колбаса ""Краковская"", 0,3/7/Иней",3.0,352.77,2915.0,351465.9,2905.0,349075.43,117.92,139.85,412008.21,3.0,361.75,62932.78,18.03,2021-09-01
"Мясное изделие колбасное полукопченое категории Б. Колбаса ""Чардаш"", 0,3/6Иней",645.0,72489.65,1190.0,131826.04,1496.0,167921.99,110.05,127.99,195080.16,333.0,35521.04,27158.17,16.17,2021-09-01
"Мясное изделие колбасное сырокопченое. Колбаса полусухая ""Домашняя из свинины"", мод/атм 0,3/7/Иней",444.0,79203.84,507.0,89775.53,590.0,104717.95,168.69,217.06,127905.05,360.0,63552.66,23187.1,22.14,2021-09-01
"Мясное изделие колбасное сырокопченое. Колбаса полусухая ""Сальчичон""/Колбаса полусухая ""Тоскана"", нарезка, мод/атм, 0,1 (2*0,05) 14/Иней",1.0,62.01,4716.0,292215.03,3555.0,219533.38,60.1,79.3,276420.64,1154.0,71504.56,56887.26,25.91,2021-09-01
"Мясное изделие колбасное сырокопченое. Колбаса полусухая ""Северная Салями"",нарезка,  в/у, 0,1/8/Иней",3.0,186.98,1814.0,124157.1,1418.0,96252.11,65.29,90.97,133206.86,396.0,27529.92,36954.75,38.39,2021-09-01
"Мясное изделие колбасное сырокопченое. Колбаса полусухая ""Чоризо""/Колбаса полусухая ""Милано"", нарезка, мод/атм, 0,1 (2*0,05) 14/Иней",1556.0,95301.87,5101.0,316227.99,5268.0,322359.26,60.1,77.0,407573.94,1385.0,88634.03,85214.68,26.43,2021-09-01
"Мясной продукт из свинины сырокопченый категории А. ""Балык"", нарезка, в/у,0,1/10/Иней",2.0,146.35,854.0,66162.72,650.0,49986.2,70.71,104.47,72662.35,202.0,15777.83,22676.15,45.36,2021-09-01
"Мясной продукт из свинины сырокопченый категории Б. ""Бекон"", нарезка, в/у,0,1/10/Иней",892.0,55881.83,5868.0,367726.95,5159.0,321845.39,61.84,78.81,404520.01,1600.0,100267.31,82674.62,25.69,2021-09-01
"Мясной продукт из свинины сырокопченый категории Б. ""Шейка"", нарезка, в/у,0,1/10/Иней",828.0,59268.24,5404.0,397984.58,3318.0,237239.86,70.05,87.75,288201.94,2906.0,219201.48,50962.08,21.48,2021-09-01
"Мясной продукт из свинины сырокопченый категории Б. Бекон ""Деревенский"", нарезка, в/у,0,1/10/Иней",3190.0,188222.76,18434.0,1087642.25,15945.0,940309.3,58.29,70.95,1111225.21,5676.0,334906.7,170915.91,18.18,2021-09-01
"Мясное изделие колбасное варено-копченое категории Б. Колбаса Салями ""Финская"", нарезка, в/у, 0,15/8/Иней",1947.0,122612.33,6747.0,424837.78,7696.0,482922.05,61.03,78.22,612038.49,970.0,61064.41,129116.44,26.74,2021-10-01
"Мясное изделие колбасное варено-копченое категории Б. Колбаса Сервелат ""Иней"", нарезка, в/у, 0,15/8/Иней",1322.0,83252.95,6016.0,377530.99,5144.0,320649.02,60.28,78.18,410856.78,2167.0,136419.3,90207.76,28.13,2021-10-01
"Мясное изделие колбасное полукопченое категории Б. Колбаса ""Краковская"", 0,3/7/Иней",1584.0,183840.62,2934.0,340641.15,3028.0,348782.45,111.93,134.18,415298.95,1468.0,170393.7,66516.5,19.07,2021-10-01
"Мясное изделие колбасное полукопченое категории Б. Колбаса ""Чардаш"", 0,3/6Иней",294.0,33041.77,3314.0,341757.63,1992.0,205475.51,100.25,120.86,245792.0,1398.0,144137.92,40316.49,19.62,2021-10-01
"Мясное изделие колбасное сырокопченое. Колбаса полусухая ""Домашняя из свинины"", мод/атм 0,3/7/Иней",291.0,56207.46,961.0,185977.45,783.0,146296.17,180.21,224.98,178896.9,484.0,93675.78,32600.73,22.28,2021-10-01
"Мясное изделие колбасное сырокопченое. Колбаса полусухая ""Сальчичон""/Колбаса полусухая ""Тоскана"", нарезка, мод/атм, 0,1 (2*0,05) 14/Иней",1526.0,100850.3,5819.0,389355.3,3857.0,256240.45,63.72,79.81,311009.85,3481.0,232957.26,54769.4,21.37,2021-10-01
"Мясное изделие колбасное сырокопченое. Колбаса полусухая ""Северная Салями"",нарезка,  в/у, 0,1/8/Иней",1700.0,118184.0,6561.0,434684.4,5941.0,399095.0,66.37,81.11,482422.13,2318.0,153574.44,83327.13,20.88,2021-10-01
"Мясное изделие колбасное сырокопченое. Колбаса полусухая ""Чоризо""/Колбаса полусухая ""Милано"", нарезка, мод/атм, 0,1 (2*0,05) 14/Иней",1691.0,110043.77,6223.0,404866.02,4652.0,302301.51,63.69,81.2,382905.57,3255.0,211750.78,80604.06,26.66,2021-10-01
"Мясной продукт из свинины сырокопченый категории А. ""Балык"", нарезка, в/у,0,1/10/Иней",150.0,12317.4,858.0,67327.02,733.0,58287.3,69.1,97.97,81638.51,267.0,20079.48,23351.21,40.06,2021-10-01
"Мясной продукт из свинины сырокопченый категории Б. ""Бекон"", нарезка, в/у,0,1/10/Иней",3086.0,208103.14,10757.0,727323.18,8400.0,565977.48,66.33,81.53,687581.3,5437.0,368619.39,121603.82,21.49,2021-10-01
"Мясной продукт из свинины сырокопченый категории Б. ""Шейка"", нарезка, в/у,0,1/10/Иней",1482.0,114031.04,5651.0,434809.66,3840.0,295388.85,75.41,93.88,364346.04,3291.0,253222.79,68957.19,23.34,2021-10-01
"Мясной продукт из свинины сырокопченый категории Б. Бекон ""Деревенский"", нарезка, в/у,0,1/10/Иней",10827.0,667181.39,23228.0,1431306.04,21446.0,1319835.72,60.46,70.43,1490900.66,12589.0,775759.34,171064.94,12.96,2021-10-01
"Мясное изделие колбасное варено-копченое категории Б. Колбаса Салями ""Финская"", нарезка, в/у, 0,15/8/Иней",130.0,8185.7,5114.0,322023.09,3815.0,239635.04,61.07,79.17,306765.27,1419.0,89361.53,67130.23,28.01,2021-11-01
"Мясное изделие колбасное варено-копченое категории Б. Колбаса Сервелат ""Иней"", нарезка, в/у, 0,15/8/Иней",360.0,22656.35,5088.0,320396.03,4200.0,263996.58,61.72,80.09,338711.04,1240.0,78089.0,74714.46,28.3,2021-11-01
"Мясное изделие колбасное полукопченое категории Б. Колбаса ""Краковская"", 0,3/7/Иней",10.0,1205.82,2785.0,335814.83,2080.0,249249.02,116.42,140.25,300575.91,705.0,85010.31,51326.89,20.59,2021-11-01
"Мясное изделие колбасное полукопченое категории Б. Колбаса ""Чардаш"", 0,3/6Иней",367.0,39342.3,1858.0,208822.14,1957.0,211532.13,106.81,128.65,249975.7,195.0,21915.48,38443.57,18.17,2021-11-01
"Мясное изделие колбасное сырокопченое. Колбаса полусухая ""Домашняя из свинины"", мод/атм 0,3/7/Иней",371.0,65514.91,807.0,154575.63,926.0,169228.79,176.78,225.47,210279.2,241.0,46125.28,41050.41,24.26,2021-11-01
"Мясное изделие колбасное сырокопченое. Колбаса полусухая ""Сальчичон""/Колбаса полусухая ""Тоскана"", нарезка, мод/атм, 0,1 (2*0,05) 14/Иней",1428.0,88482.23,4106.0,271340.83,3161.0,202748.38,61.96,80.76,257013.16,2370.0,156628.56,54264.78,26.76,2021-11-01
"Мясное изделие колбасное сырокопченое. Колбаса полусухая ""Северная Салями"",нарезка,  в/у, 0,1/8/Иней",618.0,42963.36,6480.0,429747.12,4912.0,327737.12,66.05,82.56,405877.71,2186.0,144973.36,78140.59,23.84,2021-11-01
"Мясное изделие колбасное сырокопченое. Колбаса полусухая ""Чоризо""/Колбаса полусухая ""Милано"", нарезка, мод/атм, 0,1 (2*0,05) 14/Иней",1775.0,112521.3,6506.0,423348.58,4749.0,304407.56,62.77,80.12,385724.42,3523.0,229262.73,81316.86,26.71,2021-11-01
"Мясной продукт из свинины сырокопченый категории А. ""Балык"", нарезка, в/у,0,1/10/Иней",256.0,19995.66,502.0,43900.8,545.0,44320.85,75.17,103.68,60557.64,212.0,18574.37,16236.79,36.63,2021-11-01
"Мясной продукт из свинины сырокопченый категории Б. ""Бекон"", нарезка, в/у,0,1/10/Иней",2170.0,135987.49,3600.0,235626.6,3397.0,212879.87,62.01,84.23,282340.84,2373.0,158734.22,69460.97,32.63,2021-11-01
"Мясной продукт из свинины сырокопченый категории Б. ""Шейка"", нарезка, в/у,0,1/10/Иней",3042.0,228936.36,2405.0,182866.18,4487.0,338474.92,74.27,90.36,407873.81,955.0,72633.45,69398.89,20.5,2021-11-01
"Мясной продукт из свинины сырокопченый категории Б. Бекон ""Деревенский"", нарезка, в/у,0,1/10/Иней",7276.0,429312.0,13213.0,795822.42,16562.0,982406.63,58.19,70.3,1156106.55,3916.0,241311.75,173699.92,17.68,2021-11-01
"Мясное изделие колбасное варено-копченое категории Б. Колбаса Салями ""Финская"", нарезка, в/у, 0,15/8/Иней",1444.0,90935.9,4503.0,283576.43,4021.0,252781.65,61.56,79.27,321747.58,1898.0,119526.55,68965.93,27.28,2021-12-01
"Мясное изделие колбасное варено-копченое категории Б. Колбаса Сервелат ""Иней"", нарезка, в/у, 0,15/8/Иней",1482.0,93328.95,4090.0,257566.26,4411.0,277154.47,61.68,78.84,351559.84,1142.0,71917.45,74405.37,26.85,2021-12-01
"Мясное изделие колбасное полукопченое категории Б. Колбаса ""Краковская"", 0,3/7/Иней",769.0,92727.57,2003.0,233835.52,1145.0,137326.46,115.86,146.56,170573.85,1564.0,181519.4,33247.39,24.21,2021-12-01
"Мясное изделие колбасное полукопченое категории Б. Колбаса ""Чардаш"", 0,3/6Иней",213.0,23938.45,2166.0,243423.65,2091.0,234333.5,109.22,132.28,280728.29,279.0,31355.97,46394.79,19.8,2021-12-01
"Мясное изделие колбасное сырокопченое. Колбаса полусухая ""Домашняя из свинины"", мод/атм 0,3/7/Иней",249.0,47707.91,417.0,80238.71,374.0,69604.49,165.04,211.97,85734.06,287.0,55441.07,16129.57,23.17,2021-12-01
"Мясное изделие колбасное сырокопченое. Колбаса полусухая ""Сальчичон""/Колбаса полусухая ""Тоскана"", нарезка, мод/атм, 0,1 (2*0,05) 14/Иней",2459.0,162510.39,9.0,557.68,937.0,61366.77,62.61,84.63,79471.64,1522.0,100585.94,18104.87,29.5,2021-12-01
"Мясное изделие колбасное сырокопченое. Колбаса полусухая ""Северная Салями"",нарезка,  в/у, 0,1/8/Иней",2394.0,158767.69,4080.0,278520.0,4961.0,332113.53,66.25,81.53,404830.13,1510.0,104975.2,72716.6,21.9,2021-12-01
"Мясное изделие колбасное сырокопченое. Колбаса полусухая ""Чоризо""/Колбаса полусухая ""Милано"", нарезка, мод/атм, 0,1 (2*0,05) 14/Иней",3584.0,233232.37,25.0,1596.52,1945.0,124976.26,63.33,83.22,160661.87,1656.0,107766.12,35685.61,28.55,2021-12-01
"Мясной продукт из свинины сырокопченый категории А. ""Балык"", нарезка, в/у,0,1/10/Иней",224.0,19517.14,413.0,35341.31,495.0,42028.52,78.23,102.53,56118.3,139.0,11414.13,14089.78,33.52,2021-12-01
"Мясной продукт из свинины сырокопченый категории Б. ""Бекон"", нарезка, в/у,0,1/10/Иней",2402.0,160551.57,5325.0,359079.89,4734.0,316163.72,65.79,83.99,400453.19,2987.0,201426.46,84289.47,26.66,2021-12-01
"Мясной продукт из свинины сырокопченый категории Б. ""Шейка"", нарезка, в/у,0,1/10/Иней",1125.0,85562.97,3703.0,284009.69,3405.0,259895.19,75.05,91.37,311727.76,1417.0,109029.68,51832.57,19.94,2021-12-01
"Мясной продукт из свинины сырокопченый категории Б. Бекон ""Деревенский"", нарезка, в/у,0,1/10/Иней",4321.0,266268.66,23302.0,1435902.73,17559.0,1081725.7,60.88,70.55,1221261.43,10057.0,619732.45,139535.73,12.9,2021-12-01
"Мясное изделие колбасное варено-копченое категории Б. Колбаса Салями ""Финская"", нарезка, в/у, 0,15/8/Иней",952.0,59941.73,3595.0,226355.65,4448.0,274334.16,59.45,75.59,347665.96,2.0,125.93,73331.8,26.73,2022-01-01
"Мясное изделие колбасное варено-копченое категории Б. Колбаса Сервелат ""Иней"", нарезка, в/у, 0,15/8/Иней",1002.0,61260.28,3571.0,218324.67,4420.0,266133.7,58.67,74.33,335996.19,18.0,1100.48,69862.49,26.25,2022-01-01
"Мясное изделие колбасное полукопченое категории Б. Колбаса ""Краковская"", 0,3/7/Иней",2233.0,265370.36,2739.0,325483.59,4880.0,575524.48,113.77,135.69,691789.46,1.0,118.83,116264.98,20.2,2022-01-01
"Мясное изделие колбасное полукопченое категории Б. Колбаса ""Чардаш"", 0,3/6Иней",828.0,90096.33,4143.0,450818.55,4951.0,534484.54,105.22,126.32,640104.26,1.0,108.81,105619.72,19.76,2022-01-01
"Мясное изделие колбасное сырокопченое. Колбаса полусухая ""Домашняя из свинины"", мод/атм 0,3/7/Иней",567.0,105573.7,2164.0,402930.31,2181.0,405909.46,175.51,207.23,455263.91,547.0,101849.76,49354.45,12.16,2022-01-01
"Мясное изделие колбасное сырокопченое. Колбаса полусухая ""Сальчичон""/Колбаса полусухая ""Тоскана"", нарезка, мод/атм, 0,1 (2*0,05) 14/Иней",1689.0,116378.87,1719.0,118446.86,2944.0,202094.54,65.65,81.59,244270.02,453.0,31213.53,42175.48,20.87,2022-01-01
"Мясное изделие колбасное сырокопченое. Колбаса полусухая ""Северная Салями"",нарезка,  в/у, 0,1/8/Иней",8628.0,597635.77,14349.0,993918.22,18291.0,1263845.48,68.52,80.43,1463516.46,4679.0,324100.27,199670.98,15.8,2022-01-01
"Мясное изделие колбасное сырокопченое. Колбаса полусухая ""Чоризо""/Колбаса полусухая ""Милано"", нарезка, мод/атм, 0,1 (2*0,05) 14/Иней",411.0,27374.65,5345.0,356004.2,5303.0,352473.18,65.03,81.98,442224.89,435.0,28973.2,89751.71,25.46,2022-01-01
"Мясной продукт из свинины сырокопченый категории А. ""Балык"", нарезка, в/у,0,1/10/Иней",497.0,37251.16,1301.0,97512.68,1655.0,123970.62,71.35,99.4,163709.51,132.0,9893.66,39738.89,32.06,2022-01-01
"Мясной продукт из свинины сырокопченый категории Б. ""Бекон"", нарезка, в/у,0,1/10/Иней",2929.0,197534.7,8031.0,541618.93,9411.0,632596.38,66.13,80.16,759333.58,1534.0,103454.72,126737.2,20.03,2022-01-01
"Мясной продукт из свинины сырокопченый категории Б. ""Шейка"", нарезка, в/у,0,1/10/Иней",10486.0,806834.76,20.0,1538.96,10135.0,778288.39,75.94,92.72,943096.53,359.0,27622.96,164808.14,21.18,2022-01-01
"Мясной продукт из свинины сырокопченый категории Б. Бекон ""Деревенский"", нарезка, в/у,0,1/10/Иней",7486.0,507822.62,21066.0,1427895.61,23520.0,1589759.04,66.76,78.03,1814267.85,5026.0,341078.89,224508.81,14.12,2022-01-01
"Мясное изделие колбасное варено-копченое категории Б. Колбаса Салями ""Финская"", нарезка, в/у, 0,15/8/Иней",1334.0,83993.98,4009.0,252422.68,4384.0,275971.22,62.33,80.04,352359.24,952.0,59941.73,76388.02,27.68,2022-02-01
"Мясное изделие колбасное варено-копченое категории Б. Колбаса Сервелат ""Иней"", нарезка, в/у, 0,15/8/Иней",2672.0,163360.7,3801.0,232385.54,5047.0,308502.32,60.58,77.06,390827.98,1002.0,61260.28,82325.66,26.69,2022-02-01
"Мясное изделие колбасное полукопченое категории Б. Колбаса ""Краковская"", 0,3/7/Иней",2409.0,286268.66,5469.0,649914.76,5571.0,628252.96,114.56,139.62,762076.61,2233.0,265370.36,133823.65,21.3,2022-02-01
"Мясное изделие колбасное полукопченое категории Б. Колбаса ""Чардаш"", 0,3/6Иней",704.0,76603.66,5535.0,602275.0,5408.0,585517.19,106.5,129.55,707289.88,828.0,90096.33,121772.69,20.8,2022-02-01
"Мясное изделие колбасное сырокопченое. Колбаса полусухая ""Домашняя из свинины"", мод/атм 0,3/7/Иней",1554.0,289350.14,710.0,132199.87,1694.0,314859.13,178.31,208.95,356729.12,567.0,105573.7,41869.99,13.3,2022-02-01
"Мясное изделие колбасное сырокопченое. Колбаса полусухая ""Сальчичон""/Колбаса полусухая ""Тоскана"", нарезка, мод/атм, 0,1 (2*0,05) 14/Иней",1254.0,86406.28,3222.0,222009.26,2783.0,190657.73,66.43,83.36,234755.8,1689.0,116378.87,44098.07,23.13,2022-02-01
"Мясное изделие колбасное сырокопченое. Колбаса полусухая ""Северная Салями"",нарезка,  в/у, 0,1/8/Иней",3060.0,211989.54,26572.0,1840563.23,21000.0,1449928.96,68.57,80.64,1716039.04,8628.0,597635.77,266110.08,18.35,2022-02-01
"Мясное изделие колбасное сырокопченое. Колбаса полусухая ""Чоризо""/Колбаса полусухая ""Милано"", нарезка, мод/атм, 0,1 (2*0,05) 14/Иней",2314.0,154123.97,2636.0,175570.96,4534.0,301720.47,65.72,83.51,380913.66,411.0,27374.65,79193.19,26.25,2022-02-01
"Мясной продукт из свинины сырокопченый категории А. ""Балык"", нарезка, в/у,0,1/10/Иней",618.0,46320.35,1761.0,131990.61,1881.0,140909.62,72.08,102.4,189490.4,497.0,37251.16,48580.78,34.48,2022-02-01
"Мясной продукт из свинины сырокопченый категории Б. ""Бекон"", нарезка, в/у,0,1/10/Иней",524.0,35339.07,9500.0,640689.5,7095.0,478493.87,66.75,81.14,574603.52,2929.0,197534.7,96109.65,20.09,2022-02-01
"Мясной продукт из свинины сырокопченый категории Б. ""Шейка"", нарезка, в/у,0,1/10/Иней",3130.0,240813.35,26911.0,2070640.63,19516.0,1499309.3,75.28,93.66,1860091.09,10486.0,806834.76,360781.79,24.06,2022-02-01
"Мясной продукт из свинины сырокопченый категории Б. Бекон ""Деревенский"", нарезка, в/у,0,1/10/Иней",5708.0,387306.22,19023.0,1289418.55,17237.0,1166799.35,67.13,79.17,1348993.2,7486.0,507822.62,182193.85,15.61,2022-02-01
"Мясное изделие колбасное варено-копченое категории Б. Колбаса Салями ""Финская"", нарезка, в/у, 0,15/8/Иней",4.0,251.94,5242.0,330057.6,3894.0,243040.71,60.66,78.49,312020.3,1334.0,83993.98,68979.59,28.38,2022-03-01
"Мясное изделие колбасное варено-копченое категории Б. Колбаса Сервелат ""Иней"", нарезка, в/у, 0,15/8/Иней",870.0,53324.04,6320.0,386392.78,4517.0,275805.25,60.31,77.53,353491.56,2672.0,163360.7,77686.31,28.17,2022-03-01
"Мясное изделие колбасное полукопченое категории Б. Колбаса ""Краковская"", 0,3/7/Иней",195.0,23331.16,7116.0,845616.5,4899.0,581845.49,116.6,140.04,703896.81,2409.0,286268.66,122051.32,20.98,2022-03-01
"Мясное изделие колбасное полукопченое категории Б. Колбаса ""Чардаш"", 0,3/6Иней",150.0,16352.69,4911.0,534376.32,4354.0,473471.29,107.23,128.69,566322.43,704.0,76603.66,92851.14,19.61,2022-03-01
"Мясное изделие колбасное сырокопченое. Колбаса полусухая ""Домашняя из свинины"", мод/атм 0,3/7/Иней",785.0,146164.64,2261.0,420991.42,1490.0,277433.52,175.56,207.6,312910.32,1554.0,289350.14,35476.8,12.79,2022-03-01
"Мясное изделие колбасное сырокопченое. Колбаса полусухая ""Сальчичон""/Колбаса полусухая ""Тоскана"", нарезка, мод/атм, 0,1 (2*0,05) 14/Иней",2314.0,159672.96,1621.0,111694.15,2680.0,184133.13,67.18,85.0,226638.76,1254.0,86406.28,42505.63,23.08,2022-03-01
"Мясное изделие колбасное сырокопченое. Колбаса полусухая ""Северная Салями"",нарезка,  в/у, 0,1/8/Иней",22.0,1530.61,20928.0,1449652.38,17888.0,1237945.98,68.77,80.75,1461024.2,3060.0,211989.54,223078.22,18.02,2022-03-01
"Мясное изделие колбасное сырокопченое. Колбаса полусухая ""Чоризо""/Колбаса полусухая ""Милано"", нарезка, мод/атм, 0,1 (2*0,05) 14/Иней",3149.0,209877.66,2622.0,174638.49,3452.0,229792.33,65.32,83.08,290677.56,2314.0,154123.97,60885.23,26.5,2022-03-01
"Мясной продукт из свинины сырокопченый категории А. ""Балык"", нарезка, в/у,0,1/10/Иней",597.0,44746.36,1604.0,120223.53,1579.0,118048.88,71.01,99.72,158220.62,618.0,46320.35,40171.74,34.03,2022-03-01
"Мясной продукт из свинины сырокопченый категории Б. ""Бекон"", нарезка, в/у,0,1/10/Иней",2538.0,171165.22,4608.0,310768.23,6609.0,445178.02,66.36,80.53,535900.52,524.0,35339.07,90722.5,20.38,2022-03-01
"Мясной продукт из свинины сырокопченый категории Б. ""Шейка"", нарезка, в/у,0,1/10/Иней",3122.0,240448.63,13229.0,1017866.32,13209.0,1014344.06,75.59,92.73,1245678.68,3130.0,240813.35,231334.62,22.81,2022-03-01
"Мясной продукт из свинины сырокопченый категории Б. Бекон ""Деревенский"", нарезка, в/у,0,1/10/Иней",4016.0,272619.08,17521.0,1187609.23,15813.0,1070413.35,67.15,79.9,1242362.23,5708.0,387306.22,171948.88,16.06,2022-03-01
"Мясное изделие колбасное варено-копченое категории Б. Колбаса Салями ""Финская"", нарезка, в/у, 0,15/8/Иней",2227.0,140269.83,1607.0,101218.51,3704.0,232103.42,61.88,80.29,299169.27,4.0,251.94,67065.85,28.89,2022-04-01
"Мясное изделие колбасное варено-копченое категории Б. Колбаса Сервелат ""Иней"", нарезка, в/у, 0,15/8/Иней",2241.0,137355.37,4207.0,257855.44,5525.0,338209.26,60.42,76.99,428088.88,870.0,53324.04,89879.62,26.58,2022-04-01
"Мясное изделие колбасное полукопченое категории Б. Колбаса ""Краковская"", 0,3/7/Иней",309.0,36970.94,3976.0,475716.48,4090.0,489356.26,117.94,140.98,585912.26,195.0,23331.16,96556.0,19.73,2022-04-01
"Мясное изделие колбасное полукопченое категории Б. Колбаса ""Чардаш"", 0,3/6Иней",1324.0,144330.43,2509.0,273506.09,3615.0,393962.14,107.5,129.06,471091.79,150.0,16352.69,77129.65,19.58,2022-04-01
"Мясное изделие колбасное сырокопченое. Колбаса полусухая ""Домашняя из свинины"", мод/атм 0,3/7/Иней",1388.0,258441.45,1813.0,337575.17,2416.0,449851.98,178.65,204.9,499533.91,785.0,146164.64,49681.93,11.04,2022-04-01
"Мясное изделие колбасное сырокопченое. Колбаса полусухая ""Сальчичон""/Колбаса полусухая ""Тоскана"", нарезка, мод/атм, 0,1 (2*0,05) 14/Иней",2199.0,151737.58,2833.0,195485.5,2711.0,186584.08,66.31,83.33,229472.65,2314.0,159672.96,42888.57,22.99,2022-04-01
"Мясное изделие колбасное сырокопченое. Колбаса полусухая ""Северная Салями"",нарезка,  в/у, 0,1/8/Иней",5512.0,383497.4,8521.0,592848.54,14007.0,973145.57,68.52,81.47,1160256.74,22.0,1530.61,187111.17,19.23,2022-04-01
"Мясное изделие колбасное сырокопченое. Колбаса полусухая ""Чоризо""/Колбаса полусухая ""Милано"", нарезка, мод/атм, 0,1 (2*0,05) 14/Иней",1981.0,132031.65,5432.0,362037.36,4256.0,283658.16,65.79,83.2,345746.38,3149.0,209877.66,62088.22,21.89,2022-04-01
"Мясной продукт из свинины сырокопченый категории А. ""Балык"", нарезка, в/у,0,1/10/Иней",773.0,58039.96,1002.0,75150.36,1176.0,87874.79,69.5,97.71,117408.35,597.0,44746.36,29533.56,33.61,2022-04-01
"Мясной продукт из свинины сырокопченый категории Б. ""Бекон"", нарезка, в/у,0,1/10/Иней",3416.0,230378.48,6000.0,404646.0,6877.0,463724.38,66.75,80.82,557289.16,2538.0,171165.22,93564.78,20.18,2022-04-01
"Мясной продукт из свинины сырокопченый категории Б. ""Шейка"", нарезка, в/у,0,1/10/Иней",2943.0,226658.08,10906.0,839941.16,10693.0,810819.75,75.64,90.58,974625.96,3122.0,240448.63,163806.21,20.2,2022-04-01
"Мясной продукт из свинины сырокопченый категории Б. Бекон ""Деревенский"", нарезка, в/у,0,1/10/Иней",4096.0,278041.63,15700.0,1064177.4,15778.0,1069396.61,67.21,78.87,1231133.8,4016.0,272619.08,161737.19,15.12,2022-04-01
"Мясное изделие колбасное варено-копченое категории Б. Колбаса Салями ""Финская"", нарезка, в/у, 0,15/8/Иней",9.0,566.87,6204.0,390765.15,3982.0,250558.29,61.82,80.41,324545.66,2227.0,140269.83,73987.37,29.53,2022-05-01
"Мясное изделие колбасное варено-копченое категории Б. Колбаса Сервелат ""Иней"", нарезка, в/у, 0,15/8/Иней",1110.0,68034.09,6405.0,392575.29,5267.0,322518.45,60.24,77.68,411632.34,2241.0,137355.37,89113.89,27.63,2022-05-01
"Мясное изделие колбасное полукопченое категории Б. Колбаса ""Краковская"", 0,3/7/Иней",465.0,55635.87,2611.0,312398.3,2767.0,331063.23,117.75,140.72,395386.2,309.0,36970.94,64322.97,19.43,2022-05-01
"Мясное изделие колбасное полукопченое категории Б. Колбаса ""Чардаш"", 0,3/6Иней",177.0,19295.96,4406.0,480327.52,3259.0,355045.57,107.41,128.74,424679.16,1324.0,144330.43,69633.59,19.61,2022-05-01
"Мясное изделие колбасное сырокопченое. Колбаса полусухая ""Домашняя из свинины"", мод/атм 0,3/7/Иней",181.0,33701.66,2676.0,498287.71,1467.0,267549.88,172.01,204.35,319723.39,1388.0,258441.45,52173.51,19.5,2022-05-01
"Мясное изделие колбасное сырокопченое. Колбаса полусухая ""Сальчичон""/Колбаса полусухая ""Тоскана"", нарезка, мод/атм, 0,1 (2*0,05) 14/Иней",517.0,35674.53,5634.0,388763.16,3946.0,271871.55,67.12,83.9,332955.51,2199.0,151737.58,61083.96,22.47,2022-05-01
"Мясное изделие колбасное сырокопченое. Колбаса полусухая ""Северная Салями"",нарезка,  в/у, 0,1/8/Иней",1078.0,75001.85,13012.0,905330.64,8573.0,595610.87,68.63,84.95,735082.56,5512.0,383497.4,139471.69,23.42,2022-05-01
"Мясное изделие колбасное сырокопченое. Колбаса полусухая ""Чоризо""/Колбаса полусухая ""Милано"", нарезка, мод/атм, 0,1 (2*0,05) 14/Иней",1582.0,105439.3,3323.0,221474.55,2910.0,193615.99,64.85,83.75,247692.87,1981.0,132031.65,54076.88,27.93,2022-05-01
"Мясной продукт из свинины сырокопченый категории А. ""Балык"", нарезка, в/у,0,1/10/Иней",84.0,6307.06,2052.0,154072.42,1359.0,101888.91,70.33,93.06,135408.5,773.0,58039.96,33519.59,32.9,2022-05-01
"Мясной продукт из свинины сырокопченый категории Б. ""Бекон"", нарезка, в/у,0,1/10/Иней",2512.0,169411.76,8203.0,553218.52,7289.0,491375.08,66.78,80.99,591180.02,3416.0,230378.48,99804.94,20.31,2022-05-01
"Мясной продукт из свинины сырокопченый категории Б. ""Шейка"", нарезка, в/у,0,1/10/Иней",1741.0,134084.85,5702.0,439152.86,4483.0,345101.05,75.87,91.61,423560.26,2943.0,226658.08,78459.21,22.74,2022-05-01
"Мясной продукт из свинины сырокопченый категории Б. Бекон ""Деревенский"", нарезка, в/у,0,1/10/Иней",3624.0,246048.52,15902.0,1077869.36,15426.0,1045469.57,66.93,76.92,1189934.48,4096.0,278041.63,144464.91,13.82,2022-05-01
"Мясное изделие колбасное варено-копченое категории Б. Колбаса Салями ""Финская"", нарезка, в/у, 0,15/8/Иней",970.0,61064.41,6721.0,429324.86,6556.0,415181.37,61.39,80.17,536084.07,1089.0,70220.91,121615.5,29.29,2022-06-01
"Мясное изделие колбасное варено-копченое категории Б. Колбаса Сервелат ""Иней"", нарезка, в/у, 0,15/8/Иней",2167.0,136419.3,6805.0,416454.22,8201.0,504344.0,60.2,76.07,630769.3,565.0,34574.05,126425.3,25.07,2022-06-01
"Мясное изделие колбасное полукопченое категории Б. Колбаса ""Краковская"", 0,3/7/Иней",1468.0,170393.7,1026.0,123183.32,2340.0,273133.31,114.11,145.35,339572.29,72.0,8555.97,66438.98,24.32,2022-06-01
"Мясное изделие колбасное полукопченое категории Б. Колбаса ""Чардаш"", 0,3/6Иней",1398.0,144137.92,3217.0,350797.84,3520.0,377954.38,105.13,124.59,446056.42,444.0,48312.54,68102.04,18.02,2022-06-01
"Мясное изделие колбасное сырокопченое. Колбаса полусухая ""Домашняя из свинины"", мод/атм 0,3/7/Иней",484.0,93675.78,465.0,93602.35,820.0,157320.29,185.57,231.53,192351.69,118.0,24189.55,35031.4,22.27,2022-06-01
"Мясное изделие колбасное сырокопченое. Колбаса полусухая ""Сальчичон""/Колбаса полусухая ""Тоскана"", нарезка, мод/атм, 0,1 (2*0,05) 14/Иней",3481.0,232957.26,3039.0,210045.48,4489.0,302126.09,65.15,82.91,376994.73,2016.0,138910.47,75063.84,24.85,2022-06-01
"Мясное изделие колбасное сырокопченое. Колбаса полусухая ""Северная Салями"",нарезка,  в/у, 0,1/8/Иней",2318.0,153574.44,4684.0,326304.12,5190.0,353354.49,67.31,88.89,455341.53,1811.0,126179.62,101987.04,28.86,2022-06-01
"Мясное изделие колбасное сырокопченое. Колбаса полусухая ""Чоризо""/Колбаса полусухая ""Милано"", нарезка, мод/атм, 0,1 (2*0,05) 14/Иней",3255.0,211750.78,4053.0,270051.03,5350.0,343666.71,63.85,83.28,444597.36,1937.0,129077.83,100930.65,29.37,2022-06-01
"Мясной продукт из свинины сырокопченый категории А. ""Балык"", нарезка, в/у,0,1/10/Иней",267.0,20079.48,1409.0,115224.43,1265.0,100756.07,72.58,98.72,134293.3,399.0,32764.27,33537.23,33.29,2022-06-01
"Мясной продукт из свинины сырокопченый категории Б. ""Бекон"", нарезка, в/у,0,1/10/Иней",5437.0,368619.39,2103.0,142358.63,6502.0,440640.03,67.3,85.59,552012.05,1033.0,69797.69,111382.8,25.28,2022-06-01
"Мясной продукт из свинины сырокопченый категории Б. ""Шейка"", нарезка, в/у,0,1/10/Иней",3291.0,253222.79,3010.0,231599.67,5893.0,452663.4,75.57,92.07,545991.74,397.0,30546.78,93328.34,20.62,2022-06-01
"Мясной продукт из свинины сырокопченый категории Б. Бекон ""Деревенский"", нарезка, в/у,0,1/10/Иней",12589.0,775759.34,21374.0,1317108.51,26988.0,1658494.53,60.79,70.2,1870483.12,6885.0,424267.43,214937.71,12.96,2022-06-01
"Мясное изделие колбасное варено-копченое категории Б. Колбаса Салями ""Финская"", нарезка, в/у, 0,15/8/Иней",970.0,61064.41,3514.0,222566.11,3365.0,212127.72,60.87,78.96,272880.42,1105.0,69988.47,61391.5,28.94,2022-07-01
"Мясное изделие колбасное варено-копченое категории Б. Колбаса Сервелат ""Иней"", нарезка, в/у, 0,15/8/Иней",2167.0,136419.3,4004.0,245023.82,3916.0,243197.57,61.08,76.15,300772.73,2067.0,126485.93,57575.16,23.67,2022-07-01
"Мясное изделие колбасное полукопченое категории Б. Колбаса ""Краковская"", 0,3/7/Иней",1468.0,170393.7,818.0,98479.89,1758.0,203818.58,113.48,142.05,252400.34,451.0,54327.93,48581.76,23.84,2022-07-01
"Мясное изделие колбасное полукопченое категории Б. Колбаса ""Чардаш"", 0,3/6Иней",1398.0,144137.92,1713.0,187148.85,1721.0,182312.14,102.94,120.47,212406.85,747.0,81603.02,30094.71,16.51,2022-07-01
"Мясное изделие колбасное сырокопченое. Колбаса полусухая ""Домашняя из свинины"", мод/атм 0,3/7/Иней",484.0,93675.78,161.0,31336.96,330.0,60773.1,175.62,221.69,73874.2,308.0,59788.08,13101.1,21.56,2022-07-01
"Мясное изделие колбасное сырокопченое. Колбаса полусухая ""Сальчичон""/Колбаса полусухая ""Тоскана"", нарезка, мод/атм, 0,1 (2*0,05) 14/Иней",3481.0,232957.26,824.0,57439.81,2453.0,163366.27,63.84,81.22,204966.95,1840.0,125444.66,41795.88,25.58,2022-07-01
"Мясное изделие колбасное сырокопченое. Колбаса полусухая ""Северная Салями"",нарезка,  в/у, 0,1/8/Иней",2318.0,153574.44,2200.0,153282.8,3947.0,267076.81,66.68,84.48,333628.55,570.0,39714.18,66551.74,24.92,2022-07-01
"Мясное изделие колбасное сырокопченое. Колбаса полусухая ""Чоризо""/Колбаса полусухая ""Милано"", нарезка, мод/атм, 0,1 (2*0,05) 14/Иней",3255.0,211750.78,1837.0,122387.46,2095.0,135181.79,62.26,82.11,177731.18,2956.0,195182.55,42549.39,31.48,2022-07-01
"Мясной продукт из свинины сырокопченый категории А. ""Балык"", нарезка, в/у,0,1/10/Иней",267.0,20079.48,1404.0,114777.34,988.0,78457.03,71.84,96.37,103147.2,679.0,55756.75,24690.17,31.47,2022-07-01
"Мясной продукт из свинины сырокопченый категории Б. ""Бекон"", нарезка, в/у,0,1/10/Иней",5437.0,368619.39,1300.0,88159.5,4326.0,293276.92,67.3,82.18,355146.91,2410.0,163434.15,61869.99,21.1,2022-07-01
"Мясной продукт из свинины сырокопченый категории Б. ""Шейка"", нарезка, в/у,0,1/10/Иней",3291.0,253222.79,1003.0,77173.06,3684.0,283232.73,75.57,91.55,340887.29,606.0,46628.06,57654.56,20.36,2022-07-01
"Мясной продукт из свинины сырокопченый категории Б. Бекон ""Деревенский"", нарезка, в/у,0,1/10/Иней",12589.0,775759.34,6146.0,378728.73,13144.0,807124.93,60.74,69.9,909927.5,5576.0,343604.28,102802.57,12.74,2022-07-01
"Мясное изделие колбасное варено-копченое категории Б. Колбаса Салями ""Финская"", нарезка, в/у, 0,15/8/Иней",725.0,45664.83,4612.0,290554.15,5315.0,333958.29,61.67,79.0,426244.45,9.0,566.87,92286.16,27.63,2022-08-01
"Мясное изделие колбасное варено-копченое категории Б. Колбаса Сервелат ""Иней"", нарезка, в/у, 0,15/8/Иней",369.0,22616.73,4805.0,294508.12,4052.0,248048.71,60.36,77.04,315633.18,1110.0,68034.09,67584.47,27.25,2022-08-01
"Мясное изделие колбасное полукопченое категории Б. Колбаса ""Краковская"", 0,3/7/Иней",142.0,16989.87,1813.0,216920.0,1477.0,176718.6,116.64,140.17,210743.38,465.0,55635.87,34024.78,19.25,2022-08-01
"Мясное изделие колбасное полукопченое категории Б. Колбаса ""Чардаш"", 0,3/6Иней",72.0,7849.91,2605.0,283971.05,2485.0,270780.84,106.93,128.46,324636.21,177.0,19295.96,53855.37,19.89,2022-08-01
"Мясное изделие колбасное сырокопченое. Колбаса полусухая ""Домашняя из свинины"", мод/атм 0,3/7/Иней",285.0,53066.17,435.0,80995.7,538.0,99987.81,169.77,205.03,119211.0,181.0,33701.66,19223.19,19.23,2022-08-01
"Мясное изделие колбасное сырокопченое. Колбаса полусухая ""Сальчичон""/Колбаса полусухая ""Тоскана"", нарезка, мод/атм, 0,1 (2*0,05) 14/Иней",1743.0,120282.4,1808.0,124757.23,3032.0,209089.48,67.75,83.98,254855.86,517.0,35674.53,45766.38,21.89,2022-08-01
"Мясное изделие колбасное сырокопченое. Колбаса полусухая ""Северная Салями"",нарезка,  в/у, 0,1/8/Иней",2646.0,184095.45,5840.0,406318.0,7404.0,515133.3,68.9,83.6,624309.36,1078.0,75001.85,109176.06,21.19,2022-08-01
"Мясное изделие колбасное сырокопченое. Колбаса полусухая ""Чоризо""/Колбаса полусухая ""Милано"", нарезка, мод/атм, 0,1 (2*0,05) 14/Иней",1619.0,107904.74,5385.0,358911.71,5413.0,357298.45,64.66,82.7,459003.35,1582.0,105439.3,101704.9,28.46,2022-08-01
"Мясной продукт из свинины сырокопченый категории А. ""Балык"", нарезка, в/у,0,1/10/Иней",618.0,57300.74,803.0,60292.06,1334.0,110836.02,77.52,90.77,125139.8,84.0,6307.06,14303.78,12.91,2022-08-01
"Мясной продукт из свинины сырокопченый категории Б. ""Бекон"", нарезка, в/у,0,1/10/Иней",2864.0,193150.97,7150.0,482203.15,7499.0,505672.6,66.75,79.42,594418.8,2512.0,169411.76,88746.2,17.55,2022-08-01
"Мясной продукт из свинины сырокопченый категории Б. ""Шейка"", нарезка, в/у,0,1/10/Иней",1948.0,150027.2,3102.0,238903.57,3299.0,253921.84,75.64,91.38,304280.13,1741.0,134084.85,50358.29,19.83,2022-08-01
"Мясной продукт из свинины сырокопченый категории Б. Бекон ""Деревенский"", нарезка, в/у,0,1/10/Иней",5789.0,392796.56,11602.0,786406.76,13761.0,932612.56,67.01,76.61,1049492.15,3624.0,246048.52,116879.59,12.53,2022-08-01
"Мясное изделие колбасное варено-копченое категории Б. Колбаса Салями ""Финская"", нарезка, в/у, 0,15/8/Иней",671.0,46470.8,3610.0,227429.58,3521.0,225194.31,62.64,79.78,285353.12,725.0,45664.83,61111.73,27.14,2022-09-01
"Мясное изделие колбасное варено-копченое категории Б. Колбаса Сервелат ""Иней"", нарезка, в/у, 0,15/8/Иней",1916.0,117456.57,3109.0,190599.84,4019.0,246051.45,59.83,77.12,311383.87,369.0,22616.73,70693.72,28.73,2022-09-01
"Мясное изделие колбасное полукопченое категории Б. Колбаса ""Краковская"", 0,3/7/Иней",1128.0,134986.6,1113.0,133182.67,1464.0,175189.7,115.82,139.05,207894.27,142.0,16989.87,36095.53,20.6,2022-09-01
"Мясное изделие колбасное полукопченое категории Б. Колбаса ""Чардаш"", 0,3/6Иней",405.0,48540.15,1800.0,196218.0,2131.0,236668.86,109.13,129.51,280001.44,72.0,7849.91,44891.38,18.97,2022-09-01
"Мясное изделие колбасное сырокопченое. Колбаса полусухая ""Домашняя из свинины"", мод/атм 0,3/7/Иней",125.0,23281.34,714.0,132944.67,554.0,103159.84,171.31,206.61,122826.64,285.0,53066.17,19666.8,19.06,2022-09-01
"Мясное изделие колбасное сырокопченое. Колбаса полусухая ""Сальчичон""/Колбаса полусухая ""Тоскана"", нарезка, мод/атм, 0,1 (2*0,05) 14/Иней",1055.0,72894.53,3223.0,222471.53,2531.0,174601.04,66.75,83.0,213792.43,1743.0,120282.4,39191.39,22.45,2022-09-01
"Мясное изделие колбасное сырокопченое. Колбаса полусухая ""Северная Салями"",нарезка,  в/у, 0,1/8/Иней",2113.0,153046.69,5002.0,348036.35,4468.0,316778.47,69.92,87.13,392163.41,2646.0,184095.45,75713.66,23.9,2022-09-01
"Мясное изделие колбасное сырокопченое. Колбаса полусухая ""Чоризо""/Колбаса полусухая ""Милано"", нарезка, мод/атм, 0,1 (2*0,05) 14/Иней",1561.0,104857.52,6048.0,403108.55,5990.0,396327.75,65.65,83.63,508953.45,1619.0,107904.74,112625.7,28.42,2022-09-01
"Мясной продукт из свинины сырокопченый категории А. ""Балык"", нарезка, в/у,0,1/10/Иней",375.0,28165.5,901.0,78556.15,657.0,49270.85,68.93,98.32,68708.1,618.0,57300.74,19437.25,39.45,2022-09-01
"Мясной продукт из свинины сырокопченый категории Б. ""Бекон"", нарезка, в/у,0,1/10/Иней",3193.0,215374.28,6602.0,445245.49,6941.0,468008.31,66.45,77.46,539000.08,2864.0,193150.97,73132.65,15.63,2022-09-01
"Мясной продукт из свинины сырокопченый категории Б. ""Шейка"", нарезка, в/у,0,1/10/Иней",791.0,60919.65,4702.0,362129.09,3539.0,272405.69,75.51,90.85,326437.51,1948.0,150027.2,54031.82,19.84,2022-09-01
"Мясной продукт из свинины сырокопченый категории Б. Бекон ""Деревенский"", нарезка, в/у,0,1/10/Иней",4544.0,308407.95,13207.0,895184.55,11954.0,809797.71,66.31,75.99,908329.37,5789.0,392796.56,106121.66,13.1,2022-09-01
"Мясное изделие колбасное варено-копченое категории Б. Колбаса Салями ""Финская"", нарезка, в/у, 0,15/8/Иней",7.0,484.8,5054.0,349936.29,4365.0,301435.23,67.46,86.14,382822.99,671.0,46470.8,81582.6,27.06,2022-10-01
"Мясное изделие колбасное варено-копченое категории Б. Колбаса Сервелат ""Иней"", нарезка, в/у, 0,15/8/Иней",586.0,39410.9,5840.0,379433.12,4509.0,301326.15,65.99,82.3,373257.05,1916.0,117456.57,71930.9,23.87,2022-10-01
"Мясное изделие колбасное полукопченое категории Б. Колбаса ""Краковская"", 0,3/7/Иней",5.0,653.57,4116.0,519074.25,2986.0,383837.27,126.14,148.36,451238.09,1128.0,134986.6,67400.82,17.56,2022-10-01
"Мясное изделие колбасное полукопченое категории Б. Колбаса ""Чардаш"", 0,3/6Иней",11.0,1381.88,2714.0,324819.61,2307.0,275953.02,116.99,139.8,329210.02,405.0,48540.15,53527.54,19.4,2022-10-01
"Мясное изделие колбасное сырокопченое. Колбаса полусухая ""Домашняя из свинины"", мод/атм 0,3/7/Иней",50.0,9689.9,493.0,91801.83,427.0,79876.92,169.71,213.68,102734.68,125.0,23281.34,22857.76,28.62,2022-10-01
"Мясное изделие колбасное сырокопченое. Колбаса полусухая ""Сальчичон""/Колбаса полусухая ""Тоскана"", нарезка, мод/атм, 0,1 (2*0,05) 14/Иней",1121.0,77241.4,3169.0,230377.04,3229.0,221294.66,69.25,87.45,275258.9,1055.0,72894.53,53964.24,24.39,2022-10-01
"Мясное изделие колбасное сырокопченое. Колбаса полусухая ""Северная Салями"",нарезка,  в/у, 0,1/8/Иней",858.0,65612.98,5441.0,407538.59,4183.0,319812.84,75.52,89.6,379892.02,2113.0,153046.69,60245.58,18.84,2022-10-01
"Мясное изделие колбасное сырокопченое. Колбаса полусухая ""Чоризо""/Колбаса полусухая ""Милано"", нарезка, мод/атм, 0,1 (2*0,05) 14/Иней",1819.0,121154.5,2453.0,170185.58,2704.0,185789.68,67.37,87.4,241206.87,1561.0,104857.52,55417.19,29.83,2022-10-01
"Мясной продукт из свинины сырокопченый категории А. ""Балык"", нарезка, в/у,0,1/10/Иней",500.0,37476.01,903.0,70046.75,1025.0,78864.56,72.5,96.49,104072.1,375.0,28165.5,25207.54,31.96,2022-10-01
"Мясной продукт из свинины сырокопченый категории Б. ""Бекон"", нарезка, в/у,0,1/10/Иней",662.0,44645.9,7102.0,492508.45,4567.0,321374.67,69.35,84.87,390610.26,3193.0,215374.28,69400.87,21.6,2022-10-01
"Мясной продукт из свинины сырокопченый категории Б. ""Шейка"", нарезка, в/у,0,1/10/Иней",807.0,68301.23,3055.0,250523.51,3065.0,257051.03,82.49,96.48,299113.06,791.0,60919.65,42062.03,16.36,2022-10-01
"Мясной продукт из свинины сырокопченый категории Б. Бекон ""Деревенский"", нарезка, в/у,0,1/10/Иней",5592.0,363070.2,10300.0,698154.6,11341.0,752342.37,65.9,77.36,868120.2,4544.0,308407.95,115777.83,15.39,2022-10-01
"Мясное изделие колбасное варено-копченое категории Б. Колбаса Салями ""Финская"", нарезка, в/у, 0,15/8/Иней",978.0,61578.8,2814.0,184745.48,3756.0,243103.25,62.9,84.35,323555.34,7.0,484.8,84690.17,34.84,2022-11-01
"Мясное изделие колбасное варено-копченое категории Б. Колбаса Сервелат ""Иней"", нарезка, в/у, 0,15/8/Иней",1887.0,115367.4,4416.0,279773.65,5719.0,354871.08,60.79,80.72,468453.81,586.0,39410.9,115599.33,32.58,2022-11-01
"Мясное изделие колбасное полукопченое категории Б. Колбаса ""Краковская"", 0,3/7/Иней",615.0,73082.28,1904.0,240561.55,2504.0,311801.93,122.6,149.54,376931.84,5.0,653.57,65129.91,20.89,2022-11-01
"Мясное изделие колбасное полукопченое категории Б. Колбаса ""Чардаш"", 0,3/6Иней",395.0,42980.73,1308.0,146701.6,1640.0,181985.05,107.3,136.86,230869.36,11.0,1381.88,51451.65,28.27,2022-11-01
"Мясное изделие колбасное сырокопченое. Колбаса полусухая ""Домашняя из свинины"", мод/атм 0,3/7/Иней",104.0,20154.98,105.0,20348.79,159.0,27906.91,152.27,232.25,37285.82,50.0,9689.9,9378.91,33.61,2022-11-01
"Мясное изделие колбасное сырокопченое. Колбаса полусухая ""Сальчичон""/Колбаса полусухая ""Тоскана"", нарезка, мод/атм, 0,1 (2*0,05) 14/Иней",1983.0,136636.63,1408.0,96999.31,2262.0,152846.58,66.16,87.64,199032.55,1121.0,77241.4,46185.97,30.22,2022-11-01
"Мясное изделие колбасное сырокопченое. Колбаса полусухая ""Северная Салями"",нарезка,  в/у, 0,1/8/Иней",3138.0,218153.76,4004.0,289481.28,6300.0,442856.3,69.46,87.86,555288.3,858.0,65612.98,115316.96,26.04,2022-11-01
"Мясное изделие колбасное сырокопченое. Колбаса полусухая ""Чоризо""/Колбаса полусухая ""Милано"", нарезка, мод/атм, 0,1 (2*0,05) 14/Иней",774.0,51552.27,4215.0,280738.52,3169.0,211006.19,65.75,87.7,281982.89,1819.0,121154.5,70976.7,33.64,2022-11-01
"Мясной продукт из свинины сырокопченый категории А. ""Балык"", нарезка, в/у,0,1/10/Иней",447.0,33503.57,610.0,45776.57,548.0,40268.34,64.24,92.59,56541.26,500.0,37476.01,16752.92,41.6,2022-11-01
"Мясной продукт из свинины сырокопченый категории Б. ""Бекон"", нарезка, в/у,0,1/10/Иней",1269.0,85582.65,3505.0,236382.58,4128.0,278057.81,66.05,89.3,373364.44,662.0,44645.9,98894.23,35.57,2022-11-01
"Мясной продукт из свинины сырокопченый категории Б. ""Шейка"", нарезка, в/у,0,1/10/Иней",1314.0,101104.42,2502.0,200205.88,3015.0,233316.86,75.7,98.01,298979.24,807.0,68301.23,67260.46,28.83,2022-11-01
"Мясной продукт из свинины сырокопченый категории Б. Бекон ""Деревенский"", нарезка, в/у,0,1/10/Иней",7501.0,462226.62,13015.0,820490.31,15020.0,924638.13,60.27,73.46,1101899.05,5592.0,363070.2,193958.92,20.98,2022-11-01
"Мясное изделие колбасное варено-копченое категории Б. Колбаса Салями ""Финская"", нарезка, в/у, 0,15/8/Иней",970.0,61064.41,10337.0,657008.3,10255.0,648707.44,61.65,80.8,840938.42,978.0,61578.8,192943.78,29.74,2022-12-01
"Мясное изделие колбасное варено-копченое категории Б. Колбаса Сервелат ""Иней"", нарезка, в/у, 0,15/8/Иней",2167.0,136419.3,11752.0,719040.02,11808.0,724847.95,60.16,76.5,912262.18,1887.0,115367.4,187414.23,25.86,2022-12-01
"Мясное изделие колбасное полукопченое категории Б. Колбаса ""Краковская"", 0,3/7/Иней",1468.0,170393.7,2007.0,239755.72,2676.0,312945.17,113.86,148.17,394189.02,615.0,73082.28,81243.85,25.96,2022-12-01
"Мясное изделие колбасное полукопченое категории Б. Колбаса ""Чардаш"", 0,3/6Иней",1398.0,144137.92,5048.0,550035.61,5387.0,580343.87,105.44,125.75,688197.47,395.0,42980.73,107853.6,18.58,2022-12-01
"Мясное изделие колбасное сырокопченое. Колбаса полусухая ""Домашняя из свинины"", мод/атм 0,3/7/Иней",484.0,93675.78,715.0,143227.15,1075.0,208211.22,184.4,228.52,253270.86,104.0,20154.98,45059.64,21.64,2022-12-01
"Мясное изделие колбасное сырокопченое. Колбаса полусухая ""Сальчичон""/Колбаса полусухая ""Тоскана"", нарезка, мод/атм, 0,1 (2*0,05) 14/Иней",3481.0,232957.26,5060.0,349262.81,6468.0,437215.6,65.34,82.74,541223.17,1983.0,136636.63,104202.77,23.83,2022-12-01
"Мясное изделие колбасное сырокопченое. Колбаса полусухая ""Северная Салями"",нарезка,  в/у, 0,1/8/Иней",2318.0,153574.44,10085.0,701901.57,9261.0,636705.88,68.05,87.17,801483.43,3138.0,218153.76,164777.55,25.88,2022-12-01
"Мясное изделие колбасное сырокопченое. Колбаса полусухая ""Чоризо""/Колбаса полусухая ""Милано"", нарезка, мод/атм, 0,1 (2*0,05) 14/Иней",3255.0,211750.78,7115.0,475661.76,9565.0,625501.82,64.73,84.04,807230.03,774.0,51552.27,181728.21,29.05,2022-12-01
"Мясной продукт из свинины сырокопченый категории А. ""Балык"", нарезка, в/у,0,1/10/Иней",267.0,20079.48,2212.0,175425.47,2010.0,159164.11,73.24,98.31,208216.94,447.0,33503.57,49052.83,30.82,2022-12-01
"Мясной продукт из свинины сырокопченый категории Б. ""Бекон"", нарезка, в/у,0,1/10/Иней",5437.0,368619.39,5810.0,392364.27,9964.0,673777.84,67.07,86.38,856518.47,1269.0,85582.65,182751.41,27.12,2022-12-01
"Мясной продукт из свинины сырокопченый категории Б. ""Шейка"", нарезка, в/у,0,1/10/Иней",3291.0,253222.79,6019.0,463124.14,7971.0,611860.57,75.19,91.94,740943.69,1314.0,101104.42,129083.12,21.1,2022-12-01
"Мясной продукт из свинины сырокопченый категории Б. Бекон ""Деревенский"", нарезка, в/у,0,1/10/Иней",12589.0,775759.34,37582.0,2315877.89,42325.0,2603098.15,60.87,70.37,2937647.66,7501.0,462226.62,337498.63,12.97,2022-12-01
